"","batch","celltype","x","y"
"Batch1_Cell1","Batch1","1",1,1
"Batch1_Cell2","Batch1","1",2,1
"Batch1_Cell3","Batch1","1",3,1
"Batch1_Cell4","Batch1","1",4,1
"Batch1_Cell5","Batch1","1",5,1
"Batch1_Cell6","Batch1","1",6,1
"Batch1_Cell7","Batch1","1",7,1
"Batch1_Cell8","Batch1","1",8,1
"Batch1_Cell9","Batch1","1",9,1
"Batch1_Cell10","Batch1","1",10,1
"Batch1_Cell11","Batch1","1",11,1
"Batch1_Cell12","Batch1","1",12,1
"Batch1_Cell13","Batch1","1",13,1
"Batch1_Cell14","Batch1","1",14,1
"Batch1_Cell15","Batch1","1",15,1
"Batch1_Cell16","Batch1","1",16,1
"Batch1_Cell17","Batch1","1",17,1
"Batch1_Cell18","Batch1","1",18,1
"Batch1_Cell19","Batch1","1",19,1
"Batch1_Cell20","Batch1","1",20,1
"Batch1_Cell21","Batch1","1",21,1
"Batch1_Cell22","Batch1","1",22,1
"Batch1_Cell23","Batch1","1",23,1
"Batch1_Cell24","Batch1","1",24,1
"Batch1_Cell25","Batch1","1",25,1
"Batch1_Cell26","Batch1","1",26,1
"Batch1_Cell27","Batch1","1",27,1
"Batch1_Cell28","Batch1","1",28,1
"Batch1_Cell29","Batch1","1",29,1
"Batch1_Cell30","Batch1","1",30,1
"Batch1_Cell31","Batch1","1",31,1
"Batch1_Cell32","Batch1","1",32,1
"Batch1_Cell33","Batch1","1",33,1
"Batch1_Cell34","Batch1","1",34,1
"Batch1_Cell35","Batch1","1",35,1
"Batch1_Cell36","Batch1","1",36,1
"Batch1_Cell37","Batch1","1",37,1
"Batch1_Cell38","Batch1","1",38,1
"Batch1_Cell39","Batch1","1",39,1
"Batch1_Cell40","Batch1","1",40,1
"Batch1_Cell41","Batch1","1",41,1
"Batch1_Cell42","Batch1","1",42,1
"Batch1_Cell43","Batch1","1",43,1
"Batch1_Cell44","Batch1","1",44,1
"Batch1_Cell45","Batch1","1",45,1
"Batch1_Cell46","Batch1","1",46,1
"Batch1_Cell47","Batch1","1",47,1
"Batch1_Cell48","Batch1","1",48,1
"Batch1_Cell49","Batch1","1",49,1
"Batch1_Cell50","Batch1","1",50,1
"Batch1_Cell51","Batch1","1",1,2
"Batch1_Cell52","Batch1","1",2,2
"Batch1_Cell53","Batch1","1",3,2
"Batch1_Cell54","Batch1","1",4,2
"Batch1_Cell55","Batch1","1",5,2
"Batch1_Cell56","Batch1","1",6,2
"Batch1_Cell57","Batch1","1",7,2
"Batch1_Cell58","Batch1","1",8,2
"Batch1_Cell59","Batch1","1",9,2
"Batch1_Cell60","Batch1","1",10,2
"Batch1_Cell61","Batch1","1",11,2
"Batch1_Cell62","Batch1","1",12,2
"Batch1_Cell63","Batch1","1",13,2
"Batch1_Cell64","Batch1","1",14,2
"Batch1_Cell65","Batch1","1",15,2
"Batch1_Cell66","Batch1","1",16,2
"Batch1_Cell67","Batch1","1",17,2
"Batch1_Cell68","Batch1","1",18,2
"Batch1_Cell69","Batch1","1",19,2
"Batch1_Cell70","Batch1","1",20,2
"Batch1_Cell71","Batch1","1",21,2
"Batch1_Cell72","Batch1","1",22,2
"Batch1_Cell73","Batch1","1",23,2
"Batch1_Cell74","Batch1","1",24,2
"Batch1_Cell75","Batch1","1",25,2
"Batch1_Cell76","Batch1","1",26,2
"Batch1_Cell77","Batch1","1",27,2
"Batch1_Cell78","Batch1","1",28,2
"Batch1_Cell79","Batch1","1",29,2
"Batch1_Cell80","Batch1","1",30,2
"Batch1_Cell81","Batch1","1",31,2
"Batch1_Cell82","Batch1","1",32,2
"Batch1_Cell83","Batch1","1",33,2
"Batch1_Cell84","Batch1","1",34,2
"Batch1_Cell85","Batch1","1",35,2
"Batch1_Cell86","Batch1","1",36,2
"Batch1_Cell87","Batch1","1",37,2
"Batch1_Cell88","Batch1","1",38,2
"Batch1_Cell89","Batch1","1",39,2
"Batch1_Cell90","Batch1","1",40,2
"Batch1_Cell91","Batch1","1",41,2
"Batch1_Cell92","Batch1","1",42,2
"Batch1_Cell93","Batch1","1",43,2
"Batch1_Cell94","Batch1","1",44,2
"Batch1_Cell95","Batch1","1",45,2
"Batch1_Cell96","Batch1","1",46,2
"Batch1_Cell97","Batch1","1",47,2
"Batch1_Cell98","Batch1","1",48,2
"Batch1_Cell99","Batch1","1",49,2
"Batch1_Cell100","Batch1","1",50,2
"Batch1_Cell101","Batch1","1",1,3
"Batch1_Cell102","Batch1","1",2,3
"Batch1_Cell103","Batch1","1",3,3
"Batch1_Cell104","Batch1","1",4,3
"Batch1_Cell105","Batch1","1",5,3
"Batch1_Cell106","Batch1","1",6,3
"Batch1_Cell107","Batch1","1",7,3
"Batch1_Cell108","Batch1","1",8,3
"Batch1_Cell109","Batch1","1",9,3
"Batch1_Cell110","Batch1","1",10,3
"Batch1_Cell111","Batch1","1",11,3
"Batch1_Cell112","Batch1","1",12,3
"Batch1_Cell113","Batch1","1",13,3
"Batch1_Cell114","Batch1","1",14,3
"Batch1_Cell115","Batch1","1",15,3
"Batch1_Cell116","Batch1","1",16,3
"Batch1_Cell117","Batch1","1",17,3
"Batch1_Cell118","Batch1","1",18,3
"Batch1_Cell119","Batch1","1",19,3
"Batch1_Cell120","Batch1","1",20,3
"Batch1_Cell121","Batch1","1",21,3
"Batch1_Cell122","Batch1","1",22,3
"Batch1_Cell123","Batch1","1",23,3
"Batch1_Cell124","Batch1","1",24,3
"Batch1_Cell125","Batch1","1",25,3
"Batch1_Cell126","Batch1","1",26,3
"Batch1_Cell127","Batch1","1",27,3
"Batch1_Cell128","Batch1","1",28,3
"Batch1_Cell129","Batch1","1",29,3
"Batch1_Cell130","Batch1","1",30,3
"Batch1_Cell131","Batch1","1",31,3
"Batch1_Cell132","Batch1","1",32,3
"Batch1_Cell133","Batch1","1",33,3
"Batch1_Cell134","Batch1","1",34,3
"Batch1_Cell135","Batch1","1",35,3
"Batch1_Cell136","Batch1","1",36,3
"Batch1_Cell137","Batch1","1",37,3
"Batch1_Cell138","Batch1","1",38,3
"Batch1_Cell139","Batch1","1",39,3
"Batch1_Cell140","Batch1","1",40,3
"Batch1_Cell141","Batch1","1",41,3
"Batch1_Cell142","Batch1","1",42,3
"Batch1_Cell143","Batch1","1",43,3
"Batch1_Cell144","Batch1","1",44,3
"Batch1_Cell145","Batch1","1",45,3
"Batch1_Cell146","Batch1","1",46,3
"Batch1_Cell147","Batch1","1",47,3
"Batch1_Cell148","Batch1","1",48,3
"Batch1_Cell149","Batch1","1",49,3
"Batch1_Cell150","Batch1","1",50,3
"Batch1_Cell151","Batch1","1",1,4
"Batch1_Cell152","Batch1","1",2,4
"Batch1_Cell153","Batch1","1",3,4
"Batch1_Cell154","Batch1","1",4,4
"Batch1_Cell155","Batch1","1",5,4
"Batch1_Cell156","Batch1","1",6,4
"Batch1_Cell157","Batch1","1",7,4
"Batch1_Cell158","Batch1","1",8,4
"Batch1_Cell159","Batch1","1",9,4
"Batch1_Cell160","Batch1","1",10,4
"Batch1_Cell161","Batch1","1",11,4
"Batch1_Cell162","Batch1","1",12,4
"Batch1_Cell163","Batch1","1",13,4
"Batch1_Cell164","Batch1","1",14,4
"Batch1_Cell165","Batch1","1",15,4
"Batch1_Cell166","Batch1","1",16,4
"Batch1_Cell167","Batch1","1",17,4
"Batch1_Cell168","Batch1","1",18,4
"Batch1_Cell169","Batch1","1",19,4
"Batch1_Cell170","Batch1","1",20,4
"Batch1_Cell171","Batch1","1",21,4
"Batch1_Cell172","Batch1","1",22,4
"Batch1_Cell173","Batch1","1",23,4
"Batch1_Cell174","Batch1","1",24,4
"Batch1_Cell175","Batch1","1",25,4
"Batch1_Cell176","Batch1","1",26,4
"Batch1_Cell177","Batch1","1",27,4
"Batch1_Cell178","Batch1","1",28,4
"Batch1_Cell179","Batch1","1",29,4
"Batch1_Cell180","Batch1","1",30,4
"Batch1_Cell181","Batch1","1",31,4
"Batch1_Cell182","Batch1","1",32,4
"Batch1_Cell183","Batch1","1",33,4
"Batch1_Cell184","Batch1","1",34,4
"Batch1_Cell185","Batch1","1",35,4
"Batch1_Cell186","Batch1","1",36,4
"Batch1_Cell187","Batch1","1",37,4
"Batch1_Cell188","Batch1","1",38,4
"Batch1_Cell189","Batch1","1",39,4
"Batch1_Cell190","Batch1","1",40,4
"Batch1_Cell191","Batch1","1",41,4
"Batch1_Cell192","Batch1","1",42,4
"Batch1_Cell193","Batch1","1",43,4
"Batch1_Cell194","Batch1","1",44,4
"Batch1_Cell195","Batch1","1",45,4
"Batch1_Cell196","Batch1","1",46,4
"Batch1_Cell197","Batch1","1",47,4
"Batch1_Cell198","Batch1","1",48,4
"Batch1_Cell199","Batch1","1",49,4
"Batch1_Cell200","Batch1","1",50,4
"Batch1_Cell201","Batch1","2",1,5
"Batch1_Cell202","Batch1","2",2,5
"Batch1_Cell203","Batch1","2",3,5
"Batch1_Cell204","Batch1","2",4,5
"Batch1_Cell205","Batch1","2",5,5
"Batch1_Cell206","Batch1","2",6,5
"Batch1_Cell207","Batch1","2",7,5
"Batch1_Cell208","Batch1","2",8,5
"Batch1_Cell209","Batch1","2",9,5
"Batch1_Cell210","Batch1","2",10,5
"Batch1_Cell211","Batch1","2",11,5
"Batch1_Cell212","Batch1","2",12,5
"Batch1_Cell213","Batch1","2",13,5
"Batch1_Cell214","Batch1","2",14,5
"Batch1_Cell215","Batch1","2",15,5
"Batch1_Cell216","Batch1","2",16,5
"Batch1_Cell217","Batch1","2",17,5
"Batch1_Cell218","Batch1","2",18,5
"Batch1_Cell219","Batch1","2",19,5
"Batch1_Cell220","Batch1","2",20,5
"Batch1_Cell221","Batch1","2",21,5
"Batch1_Cell222","Batch1","2",22,5
"Batch1_Cell223","Batch1","2",23,5
"Batch1_Cell224","Batch1","2",24,5
"Batch1_Cell225","Batch1","2",25,5
"Batch1_Cell226","Batch1","2",26,5
"Batch1_Cell227","Batch1","2",27,5
"Batch1_Cell228","Batch1","2",28,5
"Batch1_Cell229","Batch1","2",29,5
"Batch1_Cell230","Batch1","2",30,5
"Batch1_Cell231","Batch1","2",31,5
"Batch1_Cell232","Batch1","2",32,5
"Batch1_Cell233","Batch1","2",33,5
"Batch1_Cell234","Batch1","2",34,5
"Batch1_Cell235","Batch1","2",35,5
"Batch1_Cell236","Batch1","2",36,5
"Batch1_Cell237","Batch1","2",37,5
"Batch1_Cell238","Batch1","2",38,5
"Batch1_Cell239","Batch1","2",39,5
"Batch1_Cell240","Batch1","2",40,5
"Batch1_Cell241","Batch1","2",41,5
"Batch1_Cell242","Batch1","2",42,5
"Batch1_Cell243","Batch1","2",43,5
"Batch1_Cell244","Batch1","2",44,5
"Batch1_Cell245","Batch1","2",45,5
"Batch1_Cell246","Batch1","2",46,5
"Batch1_Cell247","Batch1","2",47,5
"Batch1_Cell248","Batch1","2",48,5
"Batch1_Cell249","Batch1","2",49,5
"Batch1_Cell250","Batch1","2",50,5
"Batch1_Cell251","Batch1","2",1,6
"Batch1_Cell252","Batch1","2",2,6
"Batch1_Cell253","Batch1","2",3,6
"Batch1_Cell254","Batch1","2",4,6
"Batch1_Cell255","Batch1","2",5,6
"Batch1_Cell256","Batch1","2",6,6
"Batch1_Cell257","Batch1","2",7,6
"Batch1_Cell258","Batch1","2",8,6
"Batch1_Cell259","Batch1","2",9,6
"Batch1_Cell260","Batch1","2",10,6
"Batch1_Cell261","Batch1","2",11,6
"Batch1_Cell262","Batch1","2",12,6
"Batch1_Cell263","Batch1","2",13,6
"Batch1_Cell264","Batch1","2",14,6
"Batch1_Cell265","Batch1","2",15,6
"Batch1_Cell266","Batch1","2",16,6
"Batch1_Cell267","Batch1","2",17,6
"Batch1_Cell268","Batch1","2",18,6
"Batch1_Cell269","Batch1","2",19,6
"Batch1_Cell270","Batch1","2",20,6
"Batch1_Cell271","Batch1","2",21,6
"Batch1_Cell272","Batch1","2",22,6
"Batch1_Cell273","Batch1","2",23,6
"Batch1_Cell274","Batch1","2",24,6
"Batch1_Cell275","Batch1","2",25,6
"Batch1_Cell276","Batch1","2",26,6
"Batch1_Cell277","Batch1","2",27,6
"Batch1_Cell278","Batch1","2",28,6
"Batch1_Cell279","Batch1","2",29,6
"Batch1_Cell280","Batch1","2",30,6
"Batch1_Cell281","Batch1","2",31,6
"Batch1_Cell282","Batch1","2",32,6
"Batch1_Cell283","Batch1","2",33,6
"Batch1_Cell284","Batch1","2",34,6
"Batch1_Cell285","Batch1","2",35,6
"Batch1_Cell286","Batch1","2",36,6
"Batch1_Cell287","Batch1","2",37,6
"Batch1_Cell288","Batch1","2",38,6
"Batch1_Cell289","Batch1","2",39,6
"Batch1_Cell290","Batch1","2",40,6
"Batch1_Cell291","Batch1","2",41,6
"Batch1_Cell292","Batch1","2",42,6
"Batch1_Cell293","Batch1","2",43,6
"Batch1_Cell294","Batch1","2",44,6
"Batch1_Cell295","Batch1","2",45,6
"Batch1_Cell296","Batch1","2",46,6
"Batch1_Cell297","Batch1","2",47,6
"Batch1_Cell298","Batch1","2",48,6
"Batch1_Cell299","Batch1","2",49,6
"Batch1_Cell300","Batch1","2",50,6
"Batch1_Cell301","Batch1","2",1,7
"Batch1_Cell302","Batch1","2",2,7
"Batch1_Cell303","Batch1","2",3,7
"Batch1_Cell304","Batch1","2",4,7
"Batch1_Cell305","Batch1","2",5,7
"Batch1_Cell306","Batch1","2",6,7
"Batch1_Cell307","Batch1","2",7,7
"Batch1_Cell308","Batch1","2",8,7
"Batch1_Cell309","Batch1","2",9,7
"Batch1_Cell310","Batch1","2",10,7
"Batch1_Cell311","Batch1","2",11,7
"Batch1_Cell312","Batch1","2",12,7
"Batch1_Cell313","Batch1","2",13,7
"Batch1_Cell314","Batch1","2",14,7
"Batch1_Cell315","Batch1","2",15,7
"Batch1_Cell316","Batch1","2",16,7
"Batch1_Cell317","Batch1","2",17,7
"Batch1_Cell318","Batch1","2",18,7
"Batch1_Cell319","Batch1","2",19,7
"Batch1_Cell320","Batch1","2",20,7
"Batch1_Cell321","Batch1","2",21,7
"Batch1_Cell322","Batch1","2",22,7
"Batch1_Cell323","Batch1","2",23,7
"Batch1_Cell324","Batch1","2",24,7
"Batch1_Cell325","Batch1","2",25,7
"Batch1_Cell326","Batch1","2",26,7
"Batch1_Cell327","Batch1","2",27,7
"Batch1_Cell328","Batch1","2",28,7
"Batch1_Cell329","Batch1","2",29,7
"Batch1_Cell330","Batch1","2",30,7
"Batch1_Cell331","Batch1","2",31,7
"Batch1_Cell332","Batch1","2",32,7
"Batch1_Cell333","Batch1","2",33,7
"Batch1_Cell334","Batch1","2",34,7
"Batch1_Cell335","Batch1","2",35,7
"Batch1_Cell336","Batch1","2",36,7
"Batch1_Cell337","Batch1","2",37,7
"Batch1_Cell338","Batch1","2",38,7
"Batch1_Cell339","Batch1","2",39,7
"Batch1_Cell340","Batch1","2",40,7
"Batch1_Cell341","Batch1","2",41,7
"Batch1_Cell342","Batch1","2",42,7
"Batch1_Cell343","Batch1","2",43,7
"Batch1_Cell344","Batch1","2",44,7
"Batch1_Cell345","Batch1","2",45,7
"Batch1_Cell346","Batch1","2",46,7
"Batch1_Cell347","Batch1","2",47,7
"Batch1_Cell348","Batch1","2",48,7
"Batch1_Cell349","Batch1","2",49,7
"Batch1_Cell350","Batch1","2",50,7
"Batch1_Cell351","Batch1","3",1,8
"Batch1_Cell352","Batch1","3",2,8
"Batch1_Cell353","Batch1","3",3,8
"Batch1_Cell354","Batch1","3",4,8
"Batch1_Cell355","Batch1","3",5,8
"Batch1_Cell356","Batch1","3",6,8
"Batch1_Cell357","Batch1","3",7,8
"Batch1_Cell358","Batch1","3",8,8
"Batch1_Cell359","Batch1","3",9,8
"Batch1_Cell360","Batch1","3",10,8
"Batch1_Cell361","Batch1","3",11,8
"Batch1_Cell362","Batch1","3",12,8
"Batch1_Cell363","Batch1","3",13,8
"Batch1_Cell364","Batch1","3",14,8
"Batch1_Cell365","Batch1","3",15,8
"Batch1_Cell366","Batch1","3",16,8
"Batch1_Cell367","Batch1","3",17,8
"Batch1_Cell368","Batch1","3",18,8
"Batch1_Cell369","Batch1","3",19,8
"Batch1_Cell370","Batch1","3",20,8
"Batch1_Cell371","Batch1","3",21,8
"Batch1_Cell372","Batch1","3",22,8
"Batch1_Cell373","Batch1","3",23,8
"Batch1_Cell374","Batch1","3",24,8
"Batch1_Cell375","Batch1","3",25,8
"Batch1_Cell376","Batch1","3",26,8
"Batch1_Cell377","Batch1","3",27,8
"Batch1_Cell378","Batch1","3",28,8
"Batch1_Cell379","Batch1","3",29,8
"Batch1_Cell380","Batch1","3",30,8
"Batch1_Cell381","Batch1","3",31,8
"Batch1_Cell382","Batch1","3",32,8
"Batch1_Cell383","Batch1","3",33,8
"Batch1_Cell384","Batch1","3",34,8
"Batch1_Cell385","Batch1","3",35,8
"Batch1_Cell386","Batch1","3",36,8
"Batch1_Cell387","Batch1","3",37,8
"Batch1_Cell388","Batch1","3",38,8
"Batch1_Cell389","Batch1","3",39,8
"Batch1_Cell390","Batch1","3",40,8
"Batch1_Cell391","Batch1","3",41,8
"Batch1_Cell392","Batch1","3",42,8
"Batch1_Cell393","Batch1","3",43,8
"Batch1_Cell394","Batch1","3",44,8
"Batch1_Cell395","Batch1","3",45,8
"Batch1_Cell396","Batch1","3",46,8
"Batch1_Cell397","Batch1","3",47,8
"Batch1_Cell398","Batch1","3",48,8
"Batch1_Cell399","Batch1","3",49,8
"Batch1_Cell400","Batch1","3",50,8
"Batch1_Cell401","Batch1","3",1,9
"Batch1_Cell402","Batch1","3",2,9
"Batch1_Cell403","Batch1","3",3,9
"Batch1_Cell404","Batch1","3",4,9
"Batch1_Cell405","Batch1","3",5,9
"Batch1_Cell406","Batch1","3",6,9
"Batch1_Cell407","Batch1","3",7,9
"Batch1_Cell408","Batch1","3",8,9
"Batch1_Cell409","Batch1","3",9,9
"Batch1_Cell410","Batch1","3",10,9
"Batch1_Cell411","Batch1","3",11,9
"Batch1_Cell412","Batch1","3",12,9
"Batch1_Cell413","Batch1","3",13,9
"Batch1_Cell414","Batch1","3",14,9
"Batch1_Cell415","Batch1","3",15,9
"Batch1_Cell416","Batch1","3",16,9
"Batch1_Cell417","Batch1","3",17,9
"Batch1_Cell418","Batch1","3",18,9
"Batch1_Cell419","Batch1","3",19,9
"Batch1_Cell420","Batch1","3",20,9
"Batch1_Cell421","Batch1","3",21,9
"Batch1_Cell422","Batch1","3",22,9
"Batch1_Cell423","Batch1","3",23,9
"Batch1_Cell424","Batch1","3",24,9
"Batch1_Cell425","Batch1","3",25,9
"Batch1_Cell426","Batch1","3",26,9
"Batch1_Cell427","Batch1","3",27,9
"Batch1_Cell428","Batch1","3",28,9
"Batch1_Cell429","Batch1","3",29,9
"Batch1_Cell430","Batch1","3",30,9
"Batch1_Cell431","Batch1","3",31,9
"Batch1_Cell432","Batch1","3",32,9
"Batch1_Cell433","Batch1","3",33,9
"Batch1_Cell434","Batch1","3",34,9
"Batch1_Cell435","Batch1","3",35,9
"Batch1_Cell436","Batch1","3",36,9
"Batch1_Cell437","Batch1","3",37,9
"Batch1_Cell438","Batch1","3",38,9
"Batch1_Cell439","Batch1","3",39,9
"Batch1_Cell440","Batch1","3",40,9
"Batch1_Cell441","Batch1","3",41,9
"Batch1_Cell442","Batch1","3",42,9
"Batch1_Cell443","Batch1","3",43,9
"Batch1_Cell444","Batch1","3",44,9
"Batch1_Cell445","Batch1","3",45,9
"Batch1_Cell446","Batch1","3",46,9
"Batch1_Cell447","Batch1","3",47,9
"Batch1_Cell448","Batch1","3",48,9
"Batch1_Cell449","Batch1","3",49,9
"Batch1_Cell450","Batch1","3",50,9
"Batch1_Cell451","Batch1","3",1,10
"Batch1_Cell452","Batch1","3",2,10
"Batch1_Cell453","Batch1","3",3,10
"Batch1_Cell454","Batch1","3",4,10
"Batch1_Cell455","Batch1","3",5,10
"Batch1_Cell456","Batch1","3",6,10
"Batch1_Cell457","Batch1","3",7,10
"Batch1_Cell458","Batch1","3",8,10
"Batch1_Cell459","Batch1","3",9,10
"Batch1_Cell460","Batch1","3",10,10
"Batch1_Cell461","Batch1","3",11,10
"Batch1_Cell462","Batch1","3",12,10
"Batch1_Cell463","Batch1","3",13,10
"Batch1_Cell464","Batch1","3",14,10
"Batch1_Cell465","Batch1","3",15,10
"Batch1_Cell466","Batch1","3",16,10
"Batch1_Cell467","Batch1","3",17,10
"Batch1_Cell468","Batch1","3",18,10
"Batch1_Cell469","Batch1","3",19,10
"Batch1_Cell470","Batch1","3",20,10
"Batch1_Cell471","Batch1","3",21,10
"Batch1_Cell472","Batch1","3",22,10
"Batch1_Cell473","Batch1","3",23,10
"Batch1_Cell474","Batch1","3",24,10
"Batch1_Cell475","Batch1","3",25,10
"Batch1_Cell476","Batch1","3",26,10
"Batch1_Cell477","Batch1","3",27,10
"Batch1_Cell478","Batch1","3",28,10
"Batch1_Cell479","Batch1","3",29,10
"Batch1_Cell480","Batch1","3",30,10
"Batch1_Cell481","Batch1","3",31,10
"Batch1_Cell482","Batch1","3",32,10
"Batch1_Cell483","Batch1","3",33,10
"Batch1_Cell484","Batch1","3",34,10
"Batch1_Cell485","Batch1","3",35,10
"Batch1_Cell486","Batch1","3",36,10
"Batch1_Cell487","Batch1","3",37,10
"Batch1_Cell488","Batch1","3",38,10
"Batch1_Cell489","Batch1","3",39,10
"Batch1_Cell490","Batch1","3",40,10
"Batch1_Cell491","Batch1","3",41,10
"Batch1_Cell492","Batch1","3",42,10
"Batch1_Cell493","Batch1","3",43,10
"Batch1_Cell494","Batch1","3",44,10
"Batch1_Cell495","Batch1","3",45,10
"Batch1_Cell496","Batch1","3",46,10
"Batch1_Cell497","Batch1","3",47,10
"Batch1_Cell498","Batch1","3",48,10
"Batch1_Cell499","Batch1","3",49,10
"Batch1_Cell500","Batch1","3",50,10
"Batch2_Cell1","Batch2","1",1,1
"Batch2_Cell2","Batch2","1",2,1
"Batch2_Cell3","Batch2","1",3,1
"Batch2_Cell4","Batch2","1",4,1
"Batch2_Cell5","Batch2","1",5,1
"Batch2_Cell6","Batch2","1",6,1
"Batch2_Cell7","Batch2","1",7,1
"Batch2_Cell8","Batch2","1",8,1
"Batch2_Cell9","Batch2","1",9,1
"Batch2_Cell10","Batch2","1",10,1
"Batch2_Cell11","Batch2","1",11,1
"Batch2_Cell12","Batch2","1",12,1
"Batch2_Cell13","Batch2","1",13,1
"Batch2_Cell14","Batch2","1",14,1
"Batch2_Cell15","Batch2","1",15,1
"Batch2_Cell16","Batch2","1",16,1
"Batch2_Cell17","Batch2","1",17,1
"Batch2_Cell18","Batch2","1",18,1
"Batch2_Cell19","Batch2","1",19,1
"Batch2_Cell20","Batch2","1",20,1
"Batch2_Cell21","Batch2","1",21,1
"Batch2_Cell22","Batch2","1",22,1
"Batch2_Cell23","Batch2","1",23,1
"Batch2_Cell24","Batch2","1",24,1
"Batch2_Cell25","Batch2","1",25,1
"Batch2_Cell26","Batch2","1",26,1
"Batch2_Cell27","Batch2","1",27,1
"Batch2_Cell28","Batch2","1",28,1
"Batch2_Cell29","Batch2","1",29,1
"Batch2_Cell30","Batch2","1",30,1
"Batch2_Cell31","Batch2","1",31,1
"Batch2_Cell32","Batch2","1",32,1
"Batch2_Cell33","Batch2","1",33,1
"Batch2_Cell34","Batch2","1",34,1
"Batch2_Cell35","Batch2","1",35,1
"Batch2_Cell36","Batch2","1",36,1
"Batch2_Cell37","Batch2","1",37,1
"Batch2_Cell38","Batch2","1",38,1
"Batch2_Cell39","Batch2","1",39,1
"Batch2_Cell40","Batch2","1",40,1
"Batch2_Cell41","Batch2","1",41,1
"Batch2_Cell42","Batch2","1",42,1
"Batch2_Cell43","Batch2","1",43,1
"Batch2_Cell44","Batch2","1",44,1
"Batch2_Cell45","Batch2","1",45,1
"Batch2_Cell46","Batch2","1",46,1
"Batch2_Cell47","Batch2","1",47,1
"Batch2_Cell48","Batch2","1",48,1
"Batch2_Cell49","Batch2","1",49,1
"Batch2_Cell50","Batch2","1",50,1
"Batch2_Cell51","Batch2","1",1,2
"Batch2_Cell52","Batch2","1",2,2
"Batch2_Cell53","Batch2","1",3,2
"Batch2_Cell54","Batch2","1",4,2
"Batch2_Cell55","Batch2","1",5,2
"Batch2_Cell56","Batch2","1",6,2
"Batch2_Cell57","Batch2","1",7,2
"Batch2_Cell58","Batch2","1",8,2
"Batch2_Cell59","Batch2","1",9,2
"Batch2_Cell60","Batch2","1",10,2
"Batch2_Cell61","Batch2","1",11,2
"Batch2_Cell62","Batch2","1",12,2
"Batch2_Cell63","Batch2","1",13,2
"Batch2_Cell64","Batch2","1",14,2
"Batch2_Cell65","Batch2","1",15,2
"Batch2_Cell66","Batch2","1",16,2
"Batch2_Cell67","Batch2","1",17,2
"Batch2_Cell68","Batch2","1",18,2
"Batch2_Cell69","Batch2","1",19,2
"Batch2_Cell70","Batch2","1",20,2
"Batch2_Cell71","Batch2","1",21,2
"Batch2_Cell72","Batch2","1",22,2
"Batch2_Cell73","Batch2","1",23,2
"Batch2_Cell74","Batch2","1",24,2
"Batch2_Cell75","Batch2","1",25,2
"Batch2_Cell76","Batch2","1",26,2
"Batch2_Cell77","Batch2","1",27,2
"Batch2_Cell78","Batch2","1",28,2
"Batch2_Cell79","Batch2","1",29,2
"Batch2_Cell80","Batch2","1",30,2
"Batch2_Cell81","Batch2","1",31,2
"Batch2_Cell82","Batch2","1",32,2
"Batch2_Cell83","Batch2","1",33,2
"Batch2_Cell84","Batch2","1",34,2
"Batch2_Cell85","Batch2","1",35,2
"Batch2_Cell86","Batch2","1",36,2
"Batch2_Cell87","Batch2","1",37,2
"Batch2_Cell88","Batch2","1",38,2
"Batch2_Cell89","Batch2","1",39,2
"Batch2_Cell90","Batch2","1",40,2
"Batch2_Cell91","Batch2","1",41,2
"Batch2_Cell92","Batch2","1",42,2
"Batch2_Cell93","Batch2","1",43,2
"Batch2_Cell94","Batch2","1",44,2
"Batch2_Cell95","Batch2","1",45,2
"Batch2_Cell96","Batch2","1",46,2
"Batch2_Cell97","Batch2","1",47,2
"Batch2_Cell98","Batch2","1",48,2
"Batch2_Cell99","Batch2","1",49,2
"Batch2_Cell100","Batch2","1",50,2
"Batch2_Cell101","Batch2","1",1,3
"Batch2_Cell102","Batch2","1",2,3
"Batch2_Cell103","Batch2","1",3,3
"Batch2_Cell104","Batch2","1",4,3
"Batch2_Cell105","Batch2","1",5,3
"Batch2_Cell106","Batch2","1",6,3
"Batch2_Cell107","Batch2","1",7,3
"Batch2_Cell108","Batch2","1",8,3
"Batch2_Cell109","Batch2","1",9,3
"Batch2_Cell110","Batch2","1",10,3
"Batch2_Cell111","Batch2","1",11,3
"Batch2_Cell112","Batch2","1",12,3
"Batch2_Cell113","Batch2","1",13,3
"Batch2_Cell114","Batch2","1",14,3
"Batch2_Cell115","Batch2","1",15,3
"Batch2_Cell116","Batch2","1",16,3
"Batch2_Cell117","Batch2","1",17,3
"Batch2_Cell118","Batch2","1",18,3
"Batch2_Cell119","Batch2","1",19,3
"Batch2_Cell120","Batch2","1",20,3
"Batch2_Cell121","Batch2","1",21,3
"Batch2_Cell122","Batch2","1",22,3
"Batch2_Cell123","Batch2","1",23,3
"Batch2_Cell124","Batch2","1",24,3
"Batch2_Cell125","Batch2","1",25,3
"Batch2_Cell126","Batch2","1",26,3
"Batch2_Cell127","Batch2","1",27,3
"Batch2_Cell128","Batch2","1",28,3
"Batch2_Cell129","Batch2","1",29,3
"Batch2_Cell130","Batch2","1",30,3
"Batch2_Cell131","Batch2","1",31,3
"Batch2_Cell132","Batch2","1",32,3
"Batch2_Cell133","Batch2","1",33,3
"Batch2_Cell134","Batch2","1",34,3
"Batch2_Cell135","Batch2","1",35,3
"Batch2_Cell136","Batch2","1",36,3
"Batch2_Cell137","Batch2","1",37,3
"Batch2_Cell138","Batch2","1",38,3
"Batch2_Cell139","Batch2","1",39,3
"Batch2_Cell140","Batch2","1",40,3
"Batch2_Cell141","Batch2","1",41,3
"Batch2_Cell142","Batch2","1",42,3
"Batch2_Cell143","Batch2","1",43,3
"Batch2_Cell144","Batch2","1",44,3
"Batch2_Cell145","Batch2","1",45,3
"Batch2_Cell146","Batch2","1",46,3
"Batch2_Cell147","Batch2","1",47,3
"Batch2_Cell148","Batch2","1",48,3
"Batch2_Cell149","Batch2","1",49,3
"Batch2_Cell150","Batch2","1",50,3
"Batch2_Cell151","Batch2","2",1,4
"Batch2_Cell152","Batch2","2",2,4
"Batch2_Cell153","Batch2","2",3,4
"Batch2_Cell154","Batch2","2",4,4
"Batch2_Cell155","Batch2","2",5,4
"Batch2_Cell156","Batch2","2",6,4
"Batch2_Cell157","Batch2","2",7,4
"Batch2_Cell158","Batch2","2",8,4
"Batch2_Cell159","Batch2","2",9,4
"Batch2_Cell160","Batch2","2",10,4
"Batch2_Cell161","Batch2","2",11,4
"Batch2_Cell162","Batch2","2",12,4
"Batch2_Cell163","Batch2","2",13,4
"Batch2_Cell164","Batch2","2",14,4
"Batch2_Cell165","Batch2","2",15,4
"Batch2_Cell166","Batch2","2",16,4
"Batch2_Cell167","Batch2","2",17,4
"Batch2_Cell168","Batch2","2",18,4
"Batch2_Cell169","Batch2","2",19,4
"Batch2_Cell170","Batch2","2",20,4
"Batch2_Cell171","Batch2","2",21,4
"Batch2_Cell172","Batch2","2",22,4
"Batch2_Cell173","Batch2","2",23,4
"Batch2_Cell174","Batch2","2",24,4
"Batch2_Cell175","Batch2","2",25,4
"Batch2_Cell176","Batch2","2",26,4
"Batch2_Cell177","Batch2","2",27,4
"Batch2_Cell178","Batch2","2",28,4
"Batch2_Cell179","Batch2","2",29,4
"Batch2_Cell180","Batch2","2",30,4
"Batch2_Cell181","Batch2","2",31,4
"Batch2_Cell182","Batch2","2",32,4
"Batch2_Cell183","Batch2","2",33,4
"Batch2_Cell184","Batch2","2",34,4
"Batch2_Cell185","Batch2","2",35,4
"Batch2_Cell186","Batch2","2",36,4
"Batch2_Cell187","Batch2","2",37,4
"Batch2_Cell188","Batch2","2",38,4
"Batch2_Cell189","Batch2","2",39,4
"Batch2_Cell190","Batch2","2",40,4
"Batch2_Cell191","Batch2","2",41,4
"Batch2_Cell192","Batch2","2",42,4
"Batch2_Cell193","Batch2","2",43,4
"Batch2_Cell194","Batch2","2",44,4
"Batch2_Cell195","Batch2","2",45,4
"Batch2_Cell196","Batch2","2",46,4
"Batch2_Cell197","Batch2","2",47,4
"Batch2_Cell198","Batch2","2",48,4
"Batch2_Cell199","Batch2","2",49,4
"Batch2_Cell200","Batch2","2",50,4
"Batch2_Cell201","Batch2","2",1,5
"Batch2_Cell202","Batch2","2",2,5
"Batch2_Cell203","Batch2","2",3,5
"Batch2_Cell204","Batch2","2",4,5
"Batch2_Cell205","Batch2","2",5,5
"Batch2_Cell206","Batch2","2",6,5
"Batch2_Cell207","Batch2","2",7,5
"Batch2_Cell208","Batch2","2",8,5
"Batch2_Cell209","Batch2","2",9,5
"Batch2_Cell210","Batch2","2",10,5
"Batch2_Cell211","Batch2","2",11,5
"Batch2_Cell212","Batch2","2",12,5
"Batch2_Cell213","Batch2","2",13,5
"Batch2_Cell214","Batch2","2",14,5
"Batch2_Cell215","Batch2","2",15,5
"Batch2_Cell216","Batch2","2",16,5
"Batch2_Cell217","Batch2","2",17,5
"Batch2_Cell218","Batch2","2",18,5
"Batch2_Cell219","Batch2","2",19,5
"Batch2_Cell220","Batch2","2",20,5
"Batch2_Cell221","Batch2","2",21,5
"Batch2_Cell222","Batch2","2",22,5
"Batch2_Cell223","Batch2","2",23,5
"Batch2_Cell224","Batch2","2",24,5
"Batch2_Cell225","Batch2","2",25,5
"Batch2_Cell226","Batch2","2",26,5
"Batch2_Cell227","Batch2","2",27,5
"Batch2_Cell228","Batch2","2",28,5
"Batch2_Cell229","Batch2","2",29,5
"Batch2_Cell230","Batch2","2",30,5
"Batch2_Cell231","Batch2","2",31,5
"Batch2_Cell232","Batch2","2",32,5
"Batch2_Cell233","Batch2","2",33,5
"Batch2_Cell234","Batch2","2",34,5
"Batch2_Cell235","Batch2","2",35,5
"Batch2_Cell236","Batch2","2",36,5
"Batch2_Cell237","Batch2","2",37,5
"Batch2_Cell238","Batch2","2",38,5
"Batch2_Cell239","Batch2","2",39,5
"Batch2_Cell240","Batch2","2",40,5
"Batch2_Cell241","Batch2","2",41,5
"Batch2_Cell242","Batch2","2",42,5
"Batch2_Cell243","Batch2","2",43,5
"Batch2_Cell244","Batch2","2",44,5
"Batch2_Cell245","Batch2","2",45,5
"Batch2_Cell246","Batch2","2",46,5
"Batch2_Cell247","Batch2","2",47,5
"Batch2_Cell248","Batch2","2",48,5
"Batch2_Cell249","Batch2","2",49,5
"Batch2_Cell250","Batch2","2",50,5
"Batch2_Cell251","Batch2","2",1,6
"Batch2_Cell252","Batch2","2",2,6
"Batch2_Cell253","Batch2","2",3,6
"Batch2_Cell254","Batch2","2",4,6
"Batch2_Cell255","Batch2","2",5,6
"Batch2_Cell256","Batch2","2",6,6
"Batch2_Cell257","Batch2","2",7,6
"Batch2_Cell258","Batch2","2",8,6
"Batch2_Cell259","Batch2","2",9,6
"Batch2_Cell260","Batch2","2",10,6
"Batch2_Cell261","Batch2","2",11,6
"Batch2_Cell262","Batch2","2",12,6
"Batch2_Cell263","Batch2","2",13,6
"Batch2_Cell264","Batch2","2",14,6
"Batch2_Cell265","Batch2","2",15,6
"Batch2_Cell266","Batch2","2",16,6
"Batch2_Cell267","Batch2","2",17,6
"Batch2_Cell268","Batch2","2",18,6
"Batch2_Cell269","Batch2","2",19,6
"Batch2_Cell270","Batch2","2",20,6
"Batch2_Cell271","Batch2","2",21,6
"Batch2_Cell272","Batch2","2",22,6
"Batch2_Cell273","Batch2","2",23,6
"Batch2_Cell274","Batch2","2",24,6
"Batch2_Cell275","Batch2","2",25,6
"Batch2_Cell276","Batch2","2",26,6
"Batch2_Cell277","Batch2","2",27,6
"Batch2_Cell278","Batch2","2",28,6
"Batch2_Cell279","Batch2","2",29,6
"Batch2_Cell280","Batch2","2",30,6
"Batch2_Cell281","Batch2","2",31,6
"Batch2_Cell282","Batch2","2",32,6
"Batch2_Cell283","Batch2","2",33,6
"Batch2_Cell284","Batch2","2",34,6
"Batch2_Cell285","Batch2","2",35,6
"Batch2_Cell286","Batch2","2",36,6
"Batch2_Cell287","Batch2","2",37,6
"Batch2_Cell288","Batch2","2",38,6
"Batch2_Cell289","Batch2","2",39,6
"Batch2_Cell290","Batch2","2",40,6
"Batch2_Cell291","Batch2","2",41,6
"Batch2_Cell292","Batch2","2",42,6
"Batch2_Cell293","Batch2","2",43,6
"Batch2_Cell294","Batch2","2",44,6
"Batch2_Cell295","Batch2","2",45,6
"Batch2_Cell296","Batch2","2",46,6
"Batch2_Cell297","Batch2","2",47,6
"Batch2_Cell298","Batch2","2",48,6
"Batch2_Cell299","Batch2","2",49,6
"Batch2_Cell300","Batch2","2",50,6
"Batch2_Cell301","Batch2","2",1,7
"Batch2_Cell302","Batch2","2",2,7
"Batch2_Cell303","Batch2","2",3,7
"Batch2_Cell304","Batch2","2",4,7
"Batch2_Cell305","Batch2","2",5,7
"Batch2_Cell306","Batch2","2",6,7
"Batch2_Cell307","Batch2","2",7,7
"Batch2_Cell308","Batch2","2",8,7
"Batch2_Cell309","Batch2","2",9,7
"Batch2_Cell310","Batch2","2",10,7
"Batch2_Cell311","Batch2","2",11,7
"Batch2_Cell312","Batch2","2",12,7
"Batch2_Cell313","Batch2","2",13,7
"Batch2_Cell314","Batch2","2",14,7
"Batch2_Cell315","Batch2","2",15,7
"Batch2_Cell316","Batch2","2",16,7
"Batch2_Cell317","Batch2","2",17,7
"Batch2_Cell318","Batch2","2",18,7
"Batch2_Cell319","Batch2","2",19,7
"Batch2_Cell320","Batch2","2",20,7
"Batch2_Cell321","Batch2","2",21,7
"Batch2_Cell322","Batch2","2",22,7
"Batch2_Cell323","Batch2","2",23,7
"Batch2_Cell324","Batch2","2",24,7
"Batch2_Cell325","Batch2","2",25,7
"Batch2_Cell326","Batch2","2",26,7
"Batch2_Cell327","Batch2","2",27,7
"Batch2_Cell328","Batch2","2",28,7
"Batch2_Cell329","Batch2","2",29,7
"Batch2_Cell330","Batch2","2",30,7
"Batch2_Cell331","Batch2","2",31,7
"Batch2_Cell332","Batch2","2",32,7
"Batch2_Cell333","Batch2","2",33,7
"Batch2_Cell334","Batch2","2",34,7
"Batch2_Cell335","Batch2","2",35,7
"Batch2_Cell336","Batch2","2",36,7
"Batch2_Cell337","Batch2","2",37,7
"Batch2_Cell338","Batch2","2",38,7
"Batch2_Cell339","Batch2","2",39,7
"Batch2_Cell340","Batch2","2",40,7
"Batch2_Cell341","Batch2","2",41,7
"Batch2_Cell342","Batch2","2",42,7
"Batch2_Cell343","Batch2","2",43,7
"Batch2_Cell344","Batch2","2",44,7
"Batch2_Cell345","Batch2","2",45,7
"Batch2_Cell346","Batch2","2",46,7
"Batch2_Cell347","Batch2","2",47,7
"Batch2_Cell348","Batch2","2",48,7
"Batch2_Cell349","Batch2","2",49,7
"Batch2_Cell350","Batch2","2",50,7
"Batch2_Cell351","Batch2","3",1,8
"Batch2_Cell352","Batch2","3",2,8
"Batch2_Cell353","Batch2","3",3,8
"Batch2_Cell354","Batch2","3",4,8
"Batch2_Cell355","Batch2","3",5,8
"Batch2_Cell356","Batch2","3",6,8
"Batch2_Cell357","Batch2","3",7,8
"Batch2_Cell358","Batch2","3",8,8
"Batch2_Cell359","Batch2","3",9,8
"Batch2_Cell360","Batch2","3",10,8
"Batch2_Cell361","Batch2","3",11,8
"Batch2_Cell362","Batch2","3",12,8
"Batch2_Cell363","Batch2","3",13,8
"Batch2_Cell364","Batch2","3",14,8
"Batch2_Cell365","Batch2","3",15,8
"Batch2_Cell366","Batch2","3",16,8
"Batch2_Cell367","Batch2","3",17,8
"Batch2_Cell368","Batch2","3",18,8
"Batch2_Cell369","Batch2","3",19,8
"Batch2_Cell370","Batch2","3",20,8
"Batch2_Cell371","Batch2","3",21,8
"Batch2_Cell372","Batch2","3",22,8
"Batch2_Cell373","Batch2","3",23,8
"Batch2_Cell374","Batch2","3",24,8
"Batch2_Cell375","Batch2","3",25,8
"Batch2_Cell376","Batch2","3",26,8
"Batch2_Cell377","Batch2","3",27,8
"Batch2_Cell378","Batch2","3",28,8
"Batch2_Cell379","Batch2","3",29,8
"Batch2_Cell380","Batch2","3",30,8
"Batch2_Cell381","Batch2","3",31,8
"Batch2_Cell382","Batch2","3",32,8
"Batch2_Cell383","Batch2","3",33,8
"Batch2_Cell384","Batch2","3",34,8
"Batch2_Cell385","Batch2","3",35,8
"Batch2_Cell386","Batch2","3",36,8
"Batch2_Cell387","Batch2","3",37,8
"Batch2_Cell388","Batch2","3",38,8
"Batch2_Cell389","Batch2","3",39,8
"Batch2_Cell390","Batch2","3",40,8
"Batch2_Cell391","Batch2","3",41,8
"Batch2_Cell392","Batch2","3",42,8
"Batch2_Cell393","Batch2","3",43,8
"Batch2_Cell394","Batch2","3",44,8
"Batch2_Cell395","Batch2","3",45,8
"Batch2_Cell396","Batch2","3",46,8
"Batch2_Cell397","Batch2","3",47,8
"Batch2_Cell398","Batch2","3",48,8
"Batch2_Cell399","Batch2","3",49,8
"Batch2_Cell400","Batch2","3",50,8
"Batch2_Cell401","Batch2","3",1,9
"Batch2_Cell402","Batch2","3",2,9
"Batch2_Cell403","Batch2","3",3,9
"Batch2_Cell404","Batch2","3",4,9
"Batch2_Cell405","Batch2","3",5,9
"Batch2_Cell406","Batch2","3",6,9
"Batch2_Cell407","Batch2","3",7,9
"Batch2_Cell408","Batch2","3",8,9
"Batch2_Cell409","Batch2","3",9,9
"Batch2_Cell410","Batch2","3",10,9
"Batch2_Cell411","Batch2","3",11,9
"Batch2_Cell412","Batch2","3",12,9
"Batch2_Cell413","Batch2","3",13,9
"Batch2_Cell414","Batch2","3",14,9
"Batch2_Cell415","Batch2","3",15,9
"Batch2_Cell416","Batch2","3",16,9
"Batch2_Cell417","Batch2","3",17,9
"Batch2_Cell418","Batch2","3",18,9
"Batch2_Cell419","Batch2","3",19,9
"Batch2_Cell420","Batch2","3",20,9
"Batch2_Cell421","Batch2","3",21,9
"Batch2_Cell422","Batch2","3",22,9
"Batch2_Cell423","Batch2","3",23,9
"Batch2_Cell424","Batch2","3",24,9
"Batch2_Cell425","Batch2","3",25,9
"Batch2_Cell426","Batch2","3",26,9
"Batch2_Cell427","Batch2","3",27,9
"Batch2_Cell428","Batch2","3",28,9
"Batch2_Cell429","Batch2","3",29,9
"Batch2_Cell430","Batch2","3",30,9
"Batch2_Cell431","Batch2","3",31,9
"Batch2_Cell432","Batch2","3",32,9
"Batch2_Cell433","Batch2","3",33,9
"Batch2_Cell434","Batch2","3",34,9
"Batch2_Cell435","Batch2","3",35,9
"Batch2_Cell436","Batch2","3",36,9
"Batch2_Cell437","Batch2","3",37,9
"Batch2_Cell438","Batch2","3",38,9
"Batch2_Cell439","Batch2","3",39,9
"Batch2_Cell440","Batch2","3",40,9
"Batch2_Cell441","Batch2","3",41,9
"Batch2_Cell442","Batch2","3",42,9
"Batch2_Cell443","Batch2","3",43,9
"Batch2_Cell444","Batch2","3",44,9
"Batch2_Cell445","Batch2","3",45,9
"Batch2_Cell446","Batch2","3",46,9
"Batch2_Cell447","Batch2","3",47,9
"Batch2_Cell448","Batch2","3",48,9
"Batch2_Cell449","Batch2","3",49,9
"Batch2_Cell450","Batch2","3",50,9
"Batch2_Cell451","Batch2","3",1,10
"Batch2_Cell452","Batch2","3",2,10
"Batch2_Cell453","Batch2","3",3,10
"Batch2_Cell454","Batch2","3",4,10
"Batch2_Cell455","Batch2","3",5,10
"Batch2_Cell456","Batch2","3",6,10
"Batch2_Cell457","Batch2","3",7,10
"Batch2_Cell458","Batch2","3",8,10
"Batch2_Cell459","Batch2","3",9,10
"Batch2_Cell460","Batch2","3",10,10
"Batch2_Cell461","Batch2","3",11,10
"Batch2_Cell462","Batch2","3",12,10
"Batch2_Cell463","Batch2","3",13,10
"Batch2_Cell464","Batch2","3",14,10
"Batch2_Cell465","Batch2","3",15,10
"Batch2_Cell466","Batch2","3",16,10
"Batch2_Cell467","Batch2","3",17,10
"Batch2_Cell468","Batch2","3",18,10
"Batch2_Cell469","Batch2","3",19,10
"Batch2_Cell470","Batch2","3",20,10
"Batch2_Cell471","Batch2","3",21,10
"Batch2_Cell472","Batch2","3",22,10
"Batch2_Cell473","Batch2","3",23,10
"Batch2_Cell474","Batch2","3",24,10
"Batch2_Cell475","Batch2","3",25,10
"Batch2_Cell476","Batch2","3",26,10
"Batch2_Cell477","Batch2","3",27,10
"Batch2_Cell478","Batch2","3",28,10
"Batch2_Cell479","Batch2","3",29,10
"Batch2_Cell480","Batch2","3",30,10
"Batch2_Cell481","Batch2","3",31,10
"Batch2_Cell482","Batch2","3",32,10
"Batch2_Cell483","Batch2","3",33,10
"Batch2_Cell484","Batch2","3",34,10
"Batch2_Cell485","Batch2","3",35,10
"Batch2_Cell486","Batch2","3",36,10
"Batch2_Cell487","Batch2","3",37,10
"Batch2_Cell488","Batch2","3",38,10
"Batch2_Cell489","Batch2","3",39,10
"Batch2_Cell490","Batch2","3",40,10
"Batch2_Cell491","Batch2","3",41,10
"Batch2_Cell492","Batch2","3",42,10
"Batch2_Cell493","Batch2","3",43,10
"Batch2_Cell494","Batch2","3",44,10
"Batch2_Cell495","Batch2","3",45,10
"Batch2_Cell496","Batch2","3",46,10
"Batch2_Cell497","Batch2","3",47,10
"Batch2_Cell498","Batch2","3",48,10
"Batch2_Cell499","Batch2","3",49,10
"Batch2_Cell500","Batch2","3",50,10
"Batch3_Cell1","Batch3","1",1,1
"Batch3_Cell2","Batch3","1",2,1
"Batch3_Cell3","Batch3","1",3,1
"Batch3_Cell4","Batch3","1",4,1
"Batch3_Cell5","Batch3","1",5,1
"Batch3_Cell6","Batch3","1",6,1
"Batch3_Cell7","Batch3","1",7,1
"Batch3_Cell8","Batch3","1",8,1
"Batch3_Cell9","Batch3","1",9,1
"Batch3_Cell10","Batch3","1",10,1
"Batch3_Cell11","Batch3","1",11,1
"Batch3_Cell12","Batch3","1",12,1
"Batch3_Cell13","Batch3","1",13,1
"Batch3_Cell14","Batch3","1",14,1
"Batch3_Cell15","Batch3","1",15,1
"Batch3_Cell16","Batch3","1",16,1
"Batch3_Cell17","Batch3","1",17,1
"Batch3_Cell18","Batch3","1",18,1
"Batch3_Cell19","Batch3","1",19,1
"Batch3_Cell20","Batch3","1",20,1
"Batch3_Cell21","Batch3","1",21,1
"Batch3_Cell22","Batch3","1",22,1
"Batch3_Cell23","Batch3","1",23,1
"Batch3_Cell24","Batch3","1",24,1
"Batch3_Cell25","Batch3","1",25,1
"Batch3_Cell26","Batch3","1",26,1
"Batch3_Cell27","Batch3","1",27,1
"Batch3_Cell28","Batch3","1",28,1
"Batch3_Cell29","Batch3","1",29,1
"Batch3_Cell30","Batch3","1",30,1
"Batch3_Cell31","Batch3","1",31,1
"Batch3_Cell32","Batch3","1",32,1
"Batch3_Cell33","Batch3","1",33,1
"Batch3_Cell34","Batch3","1",34,1
"Batch3_Cell35","Batch3","1",35,1
"Batch3_Cell36","Batch3","1",36,1
"Batch3_Cell37","Batch3","1",37,1
"Batch3_Cell38","Batch3","1",38,1
"Batch3_Cell39","Batch3","1",39,1
"Batch3_Cell40","Batch3","1",40,1
"Batch3_Cell41","Batch3","1",41,1
"Batch3_Cell42","Batch3","1",42,1
"Batch3_Cell43","Batch3","1",43,1
"Batch3_Cell44","Batch3","1",44,1
"Batch3_Cell45","Batch3","1",45,1
"Batch3_Cell46","Batch3","1",46,1
"Batch3_Cell47","Batch3","1",47,1
"Batch3_Cell48","Batch3","1",48,1
"Batch3_Cell49","Batch3","1",49,1
"Batch3_Cell50","Batch3","1",50,1
"Batch3_Cell51","Batch3","1",1,2
"Batch3_Cell52","Batch3","1",2,2
"Batch3_Cell53","Batch3","1",3,2
"Batch3_Cell54","Batch3","1",4,2
"Batch3_Cell55","Batch3","1",5,2
"Batch3_Cell56","Batch3","1",6,2
"Batch3_Cell57","Batch3","1",7,2
"Batch3_Cell58","Batch3","1",8,2
"Batch3_Cell59","Batch3","1",9,2
"Batch3_Cell60","Batch3","1",10,2
"Batch3_Cell61","Batch3","1",11,2
"Batch3_Cell62","Batch3","1",12,2
"Batch3_Cell63","Batch3","1",13,2
"Batch3_Cell64","Batch3","1",14,2
"Batch3_Cell65","Batch3","1",15,2
"Batch3_Cell66","Batch3","1",16,2
"Batch3_Cell67","Batch3","1",17,2
"Batch3_Cell68","Batch3","1",18,2
"Batch3_Cell69","Batch3","1",19,2
"Batch3_Cell70","Batch3","1",20,2
"Batch3_Cell71","Batch3","1",21,2
"Batch3_Cell72","Batch3","1",22,2
"Batch3_Cell73","Batch3","1",23,2
"Batch3_Cell74","Batch3","1",24,2
"Batch3_Cell75","Batch3","1",25,2
"Batch3_Cell76","Batch3","1",26,2
"Batch3_Cell77","Batch3","1",27,2
"Batch3_Cell78","Batch3","1",28,2
"Batch3_Cell79","Batch3","1",29,2
"Batch3_Cell80","Batch3","1",30,2
"Batch3_Cell81","Batch3","1",31,2
"Batch3_Cell82","Batch3","1",32,2
"Batch3_Cell83","Batch3","1",33,2
"Batch3_Cell84","Batch3","1",34,2
"Batch3_Cell85","Batch3","1",35,2
"Batch3_Cell86","Batch3","1",36,2
"Batch3_Cell87","Batch3","1",37,2
"Batch3_Cell88","Batch3","1",38,2
"Batch3_Cell89","Batch3","1",39,2
"Batch3_Cell90","Batch3","1",40,2
"Batch3_Cell91","Batch3","1",41,2
"Batch3_Cell92","Batch3","1",42,2
"Batch3_Cell93","Batch3","1",43,2
"Batch3_Cell94","Batch3","1",44,2
"Batch3_Cell95","Batch3","1",45,2
"Batch3_Cell96","Batch3","1",46,2
"Batch3_Cell97","Batch3","1",47,2
"Batch3_Cell98","Batch3","1",48,2
"Batch3_Cell99","Batch3","1",49,2
"Batch3_Cell100","Batch3","1",50,2
"Batch3_Cell101","Batch3","1",1,3
"Batch3_Cell102","Batch3","1",2,3
"Batch3_Cell103","Batch3","1",3,3
"Batch3_Cell104","Batch3","1",4,3
"Batch3_Cell105","Batch3","1",5,3
"Batch3_Cell106","Batch3","1",6,3
"Batch3_Cell107","Batch3","1",7,3
"Batch3_Cell108","Batch3","1",8,3
"Batch3_Cell109","Batch3","1",9,3
"Batch3_Cell110","Batch3","1",10,3
"Batch3_Cell111","Batch3","1",11,3
"Batch3_Cell112","Batch3","1",12,3
"Batch3_Cell113","Batch3","1",13,3
"Batch3_Cell114","Batch3","1",14,3
"Batch3_Cell115","Batch3","1",15,3
"Batch3_Cell116","Batch3","1",16,3
"Batch3_Cell117","Batch3","1",17,3
"Batch3_Cell118","Batch3","1",18,3
"Batch3_Cell119","Batch3","1",19,3
"Batch3_Cell120","Batch3","1",20,3
"Batch3_Cell121","Batch3","1",21,3
"Batch3_Cell122","Batch3","1",22,3
"Batch3_Cell123","Batch3","1",23,3
"Batch3_Cell124","Batch3","1",24,3
"Batch3_Cell125","Batch3","1",25,3
"Batch3_Cell126","Batch3","1",26,3
"Batch3_Cell127","Batch3","1",27,3
"Batch3_Cell128","Batch3","1",28,3
"Batch3_Cell129","Batch3","1",29,3
"Batch3_Cell130","Batch3","1",30,3
"Batch3_Cell131","Batch3","1",31,3
"Batch3_Cell132","Batch3","1",32,3
"Batch3_Cell133","Batch3","1",33,3
"Batch3_Cell134","Batch3","1",34,3
"Batch3_Cell135","Batch3","1",35,3
"Batch3_Cell136","Batch3","1",36,3
"Batch3_Cell137","Batch3","1",37,3
"Batch3_Cell138","Batch3","1",38,3
"Batch3_Cell139","Batch3","1",39,3
"Batch3_Cell140","Batch3","1",40,3
"Batch3_Cell141","Batch3","1",41,3
"Batch3_Cell142","Batch3","1",42,3
"Batch3_Cell143","Batch3","1",43,3
"Batch3_Cell144","Batch3","1",44,3
"Batch3_Cell145","Batch3","1",45,3
"Batch3_Cell146","Batch3","1",46,3
"Batch3_Cell147","Batch3","1",47,3
"Batch3_Cell148","Batch3","1",48,3
"Batch3_Cell149","Batch3","1",49,3
"Batch3_Cell150","Batch3","1",50,3
"Batch3_Cell151","Batch3","2",1,4
"Batch3_Cell152","Batch3","2",2,4
"Batch3_Cell153","Batch3","2",3,4
"Batch3_Cell154","Batch3","2",4,4
"Batch3_Cell155","Batch3","2",5,4
"Batch3_Cell156","Batch3","2",6,4
"Batch3_Cell157","Batch3","2",7,4
"Batch3_Cell158","Batch3","2",8,4
"Batch3_Cell159","Batch3","2",9,4
"Batch3_Cell160","Batch3","2",10,4
"Batch3_Cell161","Batch3","2",11,4
"Batch3_Cell162","Batch3","2",12,4
"Batch3_Cell163","Batch3","2",13,4
"Batch3_Cell164","Batch3","2",14,4
"Batch3_Cell165","Batch3","2",15,4
"Batch3_Cell166","Batch3","2",16,4
"Batch3_Cell167","Batch3","2",17,4
"Batch3_Cell168","Batch3","2",18,4
"Batch3_Cell169","Batch3","2",19,4
"Batch3_Cell170","Batch3","2",20,4
"Batch3_Cell171","Batch3","2",21,4
"Batch3_Cell172","Batch3","2",22,4
"Batch3_Cell173","Batch3","2",23,4
"Batch3_Cell174","Batch3","2",24,4
"Batch3_Cell175","Batch3","2",25,4
"Batch3_Cell176","Batch3","2",26,4
"Batch3_Cell177","Batch3","2",27,4
"Batch3_Cell178","Batch3","2",28,4
"Batch3_Cell179","Batch3","2",29,4
"Batch3_Cell180","Batch3","2",30,4
"Batch3_Cell181","Batch3","2",31,4
"Batch3_Cell182","Batch3","2",32,4
"Batch3_Cell183","Batch3","2",33,4
"Batch3_Cell184","Batch3","2",34,4
"Batch3_Cell185","Batch3","2",35,4
"Batch3_Cell186","Batch3","2",36,4
"Batch3_Cell187","Batch3","2",37,4
"Batch3_Cell188","Batch3","2",38,4
"Batch3_Cell189","Batch3","2",39,4
"Batch3_Cell190","Batch3","2",40,4
"Batch3_Cell191","Batch3","2",41,4
"Batch3_Cell192","Batch3","2",42,4
"Batch3_Cell193","Batch3","2",43,4
"Batch3_Cell194","Batch3","2",44,4
"Batch3_Cell195","Batch3","2",45,4
"Batch3_Cell196","Batch3","2",46,4
"Batch3_Cell197","Batch3","2",47,4
"Batch3_Cell198","Batch3","2",48,4
"Batch3_Cell199","Batch3","2",49,4
"Batch3_Cell200","Batch3","2",50,4
"Batch3_Cell201","Batch3","2",1,5
"Batch3_Cell202","Batch3","2",2,5
"Batch3_Cell203","Batch3","2",3,5
"Batch3_Cell204","Batch3","2",4,5
"Batch3_Cell205","Batch3","2",5,5
"Batch3_Cell206","Batch3","2",6,5
"Batch3_Cell207","Batch3","2",7,5
"Batch3_Cell208","Batch3","2",8,5
"Batch3_Cell209","Batch3","2",9,5
"Batch3_Cell210","Batch3","2",10,5
"Batch3_Cell211","Batch3","2",11,5
"Batch3_Cell212","Batch3","2",12,5
"Batch3_Cell213","Batch3","2",13,5
"Batch3_Cell214","Batch3","2",14,5
"Batch3_Cell215","Batch3","2",15,5
"Batch3_Cell216","Batch3","2",16,5
"Batch3_Cell217","Batch3","2",17,5
"Batch3_Cell218","Batch3","2",18,5
"Batch3_Cell219","Batch3","2",19,5
"Batch3_Cell220","Batch3","2",20,5
"Batch3_Cell221","Batch3","2",21,5
"Batch3_Cell222","Batch3","2",22,5
"Batch3_Cell223","Batch3","2",23,5
"Batch3_Cell224","Batch3","2",24,5
"Batch3_Cell225","Batch3","2",25,5
"Batch3_Cell226","Batch3","2",26,5
"Batch3_Cell227","Batch3","2",27,5
"Batch3_Cell228","Batch3","2",28,5
"Batch3_Cell229","Batch3","2",29,5
"Batch3_Cell230","Batch3","2",30,5
"Batch3_Cell231","Batch3","2",31,5
"Batch3_Cell232","Batch3","2",32,5
"Batch3_Cell233","Batch3","2",33,5
"Batch3_Cell234","Batch3","2",34,5
"Batch3_Cell235","Batch3","2",35,5
"Batch3_Cell236","Batch3","2",36,5
"Batch3_Cell237","Batch3","2",37,5
"Batch3_Cell238","Batch3","2",38,5
"Batch3_Cell239","Batch3","2",39,5
"Batch3_Cell240","Batch3","2",40,5
"Batch3_Cell241","Batch3","2",41,5
"Batch3_Cell242","Batch3","2",42,5
"Batch3_Cell243","Batch3","2",43,5
"Batch3_Cell244","Batch3","2",44,5
"Batch3_Cell245","Batch3","2",45,5
"Batch3_Cell246","Batch3","2",46,5
"Batch3_Cell247","Batch3","2",47,5
"Batch3_Cell248","Batch3","2",48,5
"Batch3_Cell249","Batch3","2",49,5
"Batch3_Cell250","Batch3","2",50,5
"Batch3_Cell251","Batch3","2",1,6
"Batch3_Cell252","Batch3","2",2,6
"Batch3_Cell253","Batch3","2",3,6
"Batch3_Cell254","Batch3","2",4,6
"Batch3_Cell255","Batch3","2",5,6
"Batch3_Cell256","Batch3","2",6,6
"Batch3_Cell257","Batch3","2",7,6
"Batch3_Cell258","Batch3","2",8,6
"Batch3_Cell259","Batch3","2",9,6
"Batch3_Cell260","Batch3","2",10,6
"Batch3_Cell261","Batch3","2",11,6
"Batch3_Cell262","Batch3","2",12,6
"Batch3_Cell263","Batch3","2",13,6
"Batch3_Cell264","Batch3","2",14,6
"Batch3_Cell265","Batch3","2",15,6
"Batch3_Cell266","Batch3","2",16,6
"Batch3_Cell267","Batch3","2",17,6
"Batch3_Cell268","Batch3","2",18,6
"Batch3_Cell269","Batch3","2",19,6
"Batch3_Cell270","Batch3","2",20,6
"Batch3_Cell271","Batch3","2",21,6
"Batch3_Cell272","Batch3","2",22,6
"Batch3_Cell273","Batch3","2",23,6
"Batch3_Cell274","Batch3","2",24,6
"Batch3_Cell275","Batch3","2",25,6
"Batch3_Cell276","Batch3","2",26,6
"Batch3_Cell277","Batch3","2",27,6
"Batch3_Cell278","Batch3","2",28,6
"Batch3_Cell279","Batch3","2",29,6
"Batch3_Cell280","Batch3","2",30,6
"Batch3_Cell281","Batch3","2",31,6
"Batch3_Cell282","Batch3","2",32,6
"Batch3_Cell283","Batch3","2",33,6
"Batch3_Cell284","Batch3","2",34,6
"Batch3_Cell285","Batch3","2",35,6
"Batch3_Cell286","Batch3","2",36,6
"Batch3_Cell287","Batch3","2",37,6
"Batch3_Cell288","Batch3","2",38,6
"Batch3_Cell289","Batch3","2",39,6
"Batch3_Cell290","Batch3","2",40,6
"Batch3_Cell291","Batch3","2",41,6
"Batch3_Cell292","Batch3","2",42,6
"Batch3_Cell293","Batch3","2",43,6
"Batch3_Cell294","Batch3","2",44,6
"Batch3_Cell295","Batch3","2",45,6
"Batch3_Cell296","Batch3","2",46,6
"Batch3_Cell297","Batch3","2",47,6
"Batch3_Cell298","Batch3","2",48,6
"Batch3_Cell299","Batch3","2",49,6
"Batch3_Cell300","Batch3","2",50,6
"Batch3_Cell301","Batch3","3",1,7
"Batch3_Cell302","Batch3","3",2,7
"Batch3_Cell303","Batch3","3",3,7
"Batch3_Cell304","Batch3","3",4,7
"Batch3_Cell305","Batch3","3",5,7
"Batch3_Cell306","Batch3","3",6,7
"Batch3_Cell307","Batch3","3",7,7
"Batch3_Cell308","Batch3","3",8,7
"Batch3_Cell309","Batch3","3",9,7
"Batch3_Cell310","Batch3","3",10,7
"Batch3_Cell311","Batch3","3",11,7
"Batch3_Cell312","Batch3","3",12,7
"Batch3_Cell313","Batch3","3",13,7
"Batch3_Cell314","Batch3","3",14,7
"Batch3_Cell315","Batch3","3",15,7
"Batch3_Cell316","Batch3","3",16,7
"Batch3_Cell317","Batch3","3",17,7
"Batch3_Cell318","Batch3","3",18,7
"Batch3_Cell319","Batch3","3",19,7
"Batch3_Cell320","Batch3","3",20,7
"Batch3_Cell321","Batch3","3",21,7
"Batch3_Cell322","Batch3","3",22,7
"Batch3_Cell323","Batch3","3",23,7
"Batch3_Cell324","Batch3","3",24,7
"Batch3_Cell325","Batch3","3",25,7
"Batch3_Cell326","Batch3","3",26,7
"Batch3_Cell327","Batch3","3",27,7
"Batch3_Cell328","Batch3","3",28,7
"Batch3_Cell329","Batch3","3",29,7
"Batch3_Cell330","Batch3","3",30,7
"Batch3_Cell331","Batch3","3",31,7
"Batch3_Cell332","Batch3","3",32,7
"Batch3_Cell333","Batch3","3",33,7
"Batch3_Cell334","Batch3","3",34,7
"Batch3_Cell335","Batch3","3",35,7
"Batch3_Cell336","Batch3","3",36,7
"Batch3_Cell337","Batch3","3",37,7
"Batch3_Cell338","Batch3","3",38,7
"Batch3_Cell339","Batch3","3",39,7
"Batch3_Cell340","Batch3","3",40,7
"Batch3_Cell341","Batch3","3",41,7
"Batch3_Cell342","Batch3","3",42,7
"Batch3_Cell343","Batch3","3",43,7
"Batch3_Cell344","Batch3","3",44,7
"Batch3_Cell345","Batch3","3",45,7
"Batch3_Cell346","Batch3","3",46,7
"Batch3_Cell347","Batch3","3",47,7
"Batch3_Cell348","Batch3","3",48,7
"Batch3_Cell349","Batch3","3",49,7
"Batch3_Cell350","Batch3","3",50,7
"Batch3_Cell351","Batch3","3",1,8
"Batch3_Cell352","Batch3","3",2,8
"Batch3_Cell353","Batch3","3",3,8
"Batch3_Cell354","Batch3","3",4,8
"Batch3_Cell355","Batch3","3",5,8
"Batch3_Cell356","Batch3","3",6,8
"Batch3_Cell357","Batch3","3",7,8
"Batch3_Cell358","Batch3","3",8,8
"Batch3_Cell359","Batch3","3",9,8
"Batch3_Cell360","Batch3","3",10,8
"Batch3_Cell361","Batch3","3",11,8
"Batch3_Cell362","Batch3","3",12,8
"Batch3_Cell363","Batch3","3",13,8
"Batch3_Cell364","Batch3","3",14,8
"Batch3_Cell365","Batch3","3",15,8
"Batch3_Cell366","Batch3","3",16,8
"Batch3_Cell367","Batch3","3",17,8
"Batch3_Cell368","Batch3","3",18,8
"Batch3_Cell369","Batch3","3",19,8
"Batch3_Cell370","Batch3","3",20,8
"Batch3_Cell371","Batch3","3",21,8
"Batch3_Cell372","Batch3","3",22,8
"Batch3_Cell373","Batch3","3",23,8
"Batch3_Cell374","Batch3","3",24,8
"Batch3_Cell375","Batch3","3",25,8
"Batch3_Cell376","Batch3","3",26,8
"Batch3_Cell377","Batch3","3",27,8
"Batch3_Cell378","Batch3","3",28,8
"Batch3_Cell379","Batch3","3",29,8
"Batch3_Cell380","Batch3","3",30,8
"Batch3_Cell381","Batch3","3",31,8
"Batch3_Cell382","Batch3","3",32,8
"Batch3_Cell383","Batch3","3",33,8
"Batch3_Cell384","Batch3","3",34,8
"Batch3_Cell385","Batch3","3",35,8
"Batch3_Cell386","Batch3","3",36,8
"Batch3_Cell387","Batch3","3",37,8
"Batch3_Cell388","Batch3","3",38,8
"Batch3_Cell389","Batch3","3",39,8
"Batch3_Cell390","Batch3","3",40,8
"Batch3_Cell391","Batch3","3",41,8
"Batch3_Cell392","Batch3","3",42,8
"Batch3_Cell393","Batch3","3",43,8
"Batch3_Cell394","Batch3","3",44,8
"Batch3_Cell395","Batch3","3",45,8
"Batch3_Cell396","Batch3","3",46,8
"Batch3_Cell397","Batch3","3",47,8
"Batch3_Cell398","Batch3","3",48,8
"Batch3_Cell399","Batch3","3",49,8
"Batch3_Cell400","Batch3","3",50,8
"Batch3_Cell401","Batch3","3",1,9
"Batch3_Cell402","Batch3","3",2,9
"Batch3_Cell403","Batch3","3",3,9
"Batch3_Cell404","Batch3","3",4,9
"Batch3_Cell405","Batch3","3",5,9
"Batch3_Cell406","Batch3","3",6,9
"Batch3_Cell407","Batch3","3",7,9
"Batch3_Cell408","Batch3","3",8,9
"Batch3_Cell409","Batch3","3",9,9
"Batch3_Cell410","Batch3","3",10,9
"Batch3_Cell411","Batch3","3",11,9
"Batch3_Cell412","Batch3","3",12,9
"Batch3_Cell413","Batch3","3",13,9
"Batch3_Cell414","Batch3","3",14,9
"Batch3_Cell415","Batch3","3",15,9
"Batch3_Cell416","Batch3","3",16,9
"Batch3_Cell417","Batch3","3",17,9
"Batch3_Cell418","Batch3","3",18,9
"Batch3_Cell419","Batch3","3",19,9
"Batch3_Cell420","Batch3","3",20,9
"Batch3_Cell421","Batch3","3",21,9
"Batch3_Cell422","Batch3","3",22,9
"Batch3_Cell423","Batch3","3",23,9
"Batch3_Cell424","Batch3","3",24,9
"Batch3_Cell425","Batch3","3",25,9
"Batch3_Cell426","Batch3","3",26,9
"Batch3_Cell427","Batch3","3",27,9
"Batch3_Cell428","Batch3","3",28,9
"Batch3_Cell429","Batch3","3",29,9
"Batch3_Cell430","Batch3","3",30,9
"Batch3_Cell431","Batch3","3",31,9
"Batch3_Cell432","Batch3","3",32,9
"Batch3_Cell433","Batch3","3",33,9
"Batch3_Cell434","Batch3","3",34,9
"Batch3_Cell435","Batch3","3",35,9
"Batch3_Cell436","Batch3","3",36,9
"Batch3_Cell437","Batch3","3",37,9
"Batch3_Cell438","Batch3","3",38,9
"Batch3_Cell439","Batch3","3",39,9
"Batch3_Cell440","Batch3","3",40,9
"Batch3_Cell441","Batch3","3",41,9
"Batch3_Cell442","Batch3","3",42,9
"Batch3_Cell443","Batch3","3",43,9
"Batch3_Cell444","Batch3","3",44,9
"Batch3_Cell445","Batch3","3",45,9
"Batch3_Cell446","Batch3","3",46,9
"Batch3_Cell447","Batch3","3",47,9
"Batch3_Cell448","Batch3","3",48,9
"Batch3_Cell449","Batch3","3",49,9
"Batch3_Cell450","Batch3","3",50,9
"Batch3_Cell451","Batch3","3",1,10
"Batch3_Cell452","Batch3","3",2,10
"Batch3_Cell453","Batch3","3",3,10
"Batch3_Cell454","Batch3","3",4,10
"Batch3_Cell455","Batch3","3",5,10
"Batch3_Cell456","Batch3","3",6,10
"Batch3_Cell457","Batch3","3",7,10
"Batch3_Cell458","Batch3","3",8,10
"Batch3_Cell459","Batch3","3",9,10
"Batch3_Cell460","Batch3","3",10,10
"Batch3_Cell461","Batch3","3",11,10
"Batch3_Cell462","Batch3","3",12,10
"Batch3_Cell463","Batch3","3",13,10
"Batch3_Cell464","Batch3","3",14,10
"Batch3_Cell465","Batch3","3",15,10
"Batch3_Cell466","Batch3","3",16,10
"Batch3_Cell467","Batch3","3",17,10
"Batch3_Cell468","Batch3","3",18,10
"Batch3_Cell469","Batch3","3",19,10
"Batch3_Cell470","Batch3","3",20,10
"Batch3_Cell471","Batch3","3",21,10
"Batch3_Cell472","Batch3","3",22,10
"Batch3_Cell473","Batch3","3",23,10
"Batch3_Cell474","Batch3","3",24,10
"Batch3_Cell475","Batch3","3",25,10
"Batch3_Cell476","Batch3","3",26,10
"Batch3_Cell477","Batch3","3",27,10
"Batch3_Cell478","Batch3","3",28,10
"Batch3_Cell479","Batch3","3",29,10
"Batch3_Cell480","Batch3","3",30,10
"Batch3_Cell481","Batch3","3",31,10
"Batch3_Cell482","Batch3","3",32,10
"Batch3_Cell483","Batch3","3",33,10
"Batch3_Cell484","Batch3","3",34,10
"Batch3_Cell485","Batch3","3",35,10
"Batch3_Cell486","Batch3","3",36,10
"Batch3_Cell487","Batch3","3",37,10
"Batch3_Cell488","Batch3","3",38,10
"Batch3_Cell489","Batch3","3",39,10
"Batch3_Cell490","Batch3","3",40,10
"Batch3_Cell491","Batch3","3",41,10
"Batch3_Cell492","Batch3","3",42,10
"Batch3_Cell493","Batch3","3",43,10
"Batch3_Cell494","Batch3","3",44,10
"Batch3_Cell495","Batch3","3",45,10
"Batch3_Cell496","Batch3","3",46,10
"Batch3_Cell497","Batch3","3",47,10
"Batch3_Cell498","Batch3","3",48,10
"Batch3_Cell499","Batch3","3",49,10
"Batch3_Cell500","Batch3","3",50,10
